engine,concurrency,n_runs,n_requests_total,n_failed,median_aggregate_tok_s,p50_ttft_s,p95_ttft_s,p99_ttft_s,median_vram_peak_delta_mb,median_vram_baseline_mb
llamacpp,1,5,5,0,127.88141779741194,0.03454960000090068,0.03720499999908498,0.037414919997972904,0.0,15123.0
llamacpp,4,5,20,0,308.25630805575787,0.12213404999783961,0.16170749999873807,0.16177437999926042,0.0,15127.0
llamacpp,8,5,40,0,418.2333851899357,0.24686774999645422,0.25931820500081815,0.2598133989994676,0.0,15133.0
llamacpp,16,5,80,0,625.5453408690353,0.4658476500007964,0.4730257800045365,0.473927924998643,0.0,15271.0
ollama,1,5,5,0,109.89765308829746,0.36394750000181375,0.38769503999938026,0.39101052799931496,0.0,15521.0
ollama,4,5,20,0,332.78194591186906,0.35833700000148383,0.4283948500025872,0.4301208100007352,0.0,15516.0
ollama,8,5,40,0,511.9874877131443,0.3861662499984959,0.4062367950009502,0.40648590699936904,0.0,15133.0
ollama,16,5,80,0,704.9783261338363,0.7242933999987144,0.7555830450026406,0.7566536530021404,0.0,15138.0
lmstudio,1,5,5,0,128.47815715736473,0.034989499996299855,0.037569040001835675,0.03801804800285027,0.0,6505.0
lmstudio,4,5,20,0,300.761955552814,0.6474645499984035,0.6536545849994582,0.6539583570011018,0.0,6506.0
lmstudio,8,5,40,0,386.82212918345834,1.2943515499973728,1.3161906699995598,1.3192015949989582,4.0,6514.0
lmstudio,16,5,80,0,686.7198727101736,0.13564935000249534,0.14452162999878054,0.14635017000124206,0.0,6515.0
